,0,Cloudiness,Country,Date,Humidity,Lat,Lng,Max Temp,Wind Speed
0,zhanaozen,0,KZ,1553320762,74,43.35,52.85,0,1.97
1,san jose,0,PH,1553320613,50,15.79,120.99,0,1.42
2,ambilobe,0,MG,1553320763,100,-13.19,49.05,0,1.42
3,albany,90,US,1553320743,79,42.65,-73.75,90,11.8
4,saint george,0,GR,1553320402,87,39.45,22.34,0,3.1
5,hasaki,75,JP,1553319887,86,35.73,140.83,75,4.1
6,taolanaro,,,,,,,,
7,ipixuna,90,BR,1553317200,94,-1.76,-48.8,90,1.17
8,rikitea,92,PF,1553320765,100,-23.12,-134.97,92,9.77
9,bubaque,20,GW,1553320765,100,11.28,-15.83,20,6.37
10,goba,0,ET,1553320765,34,7.01,39.97,0,1.82
11,dikson,48,RU,1553320765,100,73.51,80.55,48,9.07
12,samusu,,,,,,,,
13,belushya guba,,,,,,,,
14,mataura,32,NZ,1553320766,45,-46.19,168.86,32,2.72
15,anadyr,40,RU,1553320399,76,64.73,177.51,40,6
16,ribeira grande,88,PT,1553320520,100,38.52,-28.7,88,11.67
17,grindavik,75,IS,1553319997,100,63.84,-22.43,75,6.7
18,cherskiy,0,RU,1553320767,59,68.75,161.3,0,1.72
19,mitu,8,IR,1553320767,63,36.2,46.09,8,1.62
20,yellowknife,90,CA,1553320513,67,62.45,-114.38,90,5.1
21,hermanus,8,ZA,1553319991,85,-34.42,19.24,8,4.47
22,kudahuvadhoo,0,MV,1553320704,100,2.67,72.89,0,4.57
23,coquimbo,40,CL,1553317200,87,-29.95,-71.34,40,3.1
24,punta arenas,40,CL,1553320398,93,-53.16,-70.91,40,3.1
25,saint-philippe,90,CA,1553320764,74,45.36,-73.48,90,12.9
26,iqaluit,90,CA,1553320374,68,63.75,-68.52,90,2.1
27,ushuaia,90,AR,1553317200,93,-54.81,-68.31,90,3.1
28,bayan,0,MN,1553320769,29,47.25,107.54,0,7.62
29,puerto madero,20,AR,1553320737,72,-34.61,-58.36,20,3.1
30,zabaykalsk,20,CN,1553320769,24,49.64,117.33,20,7.62
31,bonthe,80,SL,1553320769,89,7.53,-12.5,80,1.92
32,busselton,0,AU,1553320546,24,-33.64,115.35,0,5.62
33,loikaw,0,MM,1553320770,30,19.67,97.21,0,0.72
34,javanrud,75,IR,1553317200,65,34.8,46.49,75,1.17
35,vila velha,40,BR,1553320033,83,-3.71,-38.6,40,1.5
36,hilo,90,US,1553320653,69,19.71,-155.08,90,2.6
37,sainte-anne-des-monts,92,CA,1553320771,90,49.13,-66.49,92,13.12
38,xinqing,56,CN,1553320771,29,48.28,129.53,56,2.92
39,saskylakh,36,RU,1553320512,70,71.97,114.09,36,6.77
40,vaini,0,IN,1553317200,17,15.34,74.49,0,4.1
41,leningradskiy,20,RU,1553320771,44,69.38,178.42,20,2.87
42,manakara,92,MG,1553320772,100,-22.14,48.01,92,2.47
43,bredasdorp,12,ZA,1553319935,88,-34.53,20.04,12,8.72
44,dzilam gonzalez,0,MX,1553320772,60,21.28,-88.93,0,2.52
45,butaritari,92,KI,1553320772,100,3.07,172.79,92,1.77
46,cape town,0,ZA,1553320565,82,-33.93,18.42,0,4.6
47,sri aman,75,MY,1553317200,59,1.24,111.46,75,1.5
48,klaksvik,80,FO,1553320200,64,62.23,-6.59,80,18.5
49,mopti,80,ML,1553320773,37,14.49,-4.19,80,4.82
50,barawe,,,,,,,,
51,tiksi,24,RU,1553320773,67,71.64,128.87,24,1.82
52,serra talhada,80,BR,1553320773,100,-7.99,-38.29,80,1.77
53,bluff,0,AU,1553320774,39,-23.58,149.07,0,4.02
54,torbay,90,CA,1553320412,100,47.66,-52.73,90,12.9
55,jamestown,92,AU,1553320774,73,-33.21,138.6,92,4.62
56,kapaa,75,US,1553320704,73,22.08,-159.32,75,5.32
57,port lincoln,88,AU,1553320775,81,-34.72,135.86,88,4.62
58,atuona,8,PF,1553320775,98,-9.8,-139.03,8,7.47
59,dawlatabad,20,AF,1553320775,70,36.41,64.91,20,2.07
60,nchelenge,88,ZM,1553320775,96,-9.35,28.74,88,1.82
61,udachnyy,48,RU,1553320776,53,66.42,112.4,48,3.47
62,oranjestad,20,AW,1553317200,78,12.52,-70.03,20,7.2
63,the valley,20,AI,1553319993,69,18.22,-63.06,20,6.2
64,hofn,0,IS,1553320776,100,64.25,-15.21,0,10.07
65,san rafael,0,AR,1553320777,74,-34.61,-68.33,0,2.27
66,vilcun,75,CL,1553319952,100,-38.65,-72.23,75,2.1
67,luderitz,0,NA,1553320778,91,-26.65,15.16,0,3.62
68,qaanaaq,24,GL,1553320778,84,77.48,-69.36,24,3.92
69,tura,0,IN,1553320778,70,25.52,90.21,0,1.07
70,half moon bay,90,US,1553320692,82,37.46,-122.43,90,4.6
71,barbar,,,,,,,,
72,inyonga,36,TZ,1553320779,87,-6.72,32.06,36,0.52
73,halifax,90,CA,1553320665,100,44.65,-63.58,90,8.7
74,east london,0,ZA,1553317200,78,-33.02,27.91,0,4.6
75,talnakh,32,RU,1553320779,82,69.49,88.39,32,2.57
76,alofi,88,NU,1553317200,69,-19.06,-169.92,88,3.1
77,punta de bombon,0,PE,1553320780,100,-17.17,-71.79,0,1.67
78,saint-ambroise,0,FR,1553320628,75,47.25,-0.65,0,1.47
79,opuwo,76,NA,1553320780,58,-18.06,13.84,76,0.17
80,fortuna,75,ES,1553319000,66,38.18,-1.13,75,1
81,lorengau,44,PG,1553320781,97,-2.02,147.27,44,5.52
82,tasiilaq,88,GL,1553316600,55,65.61,-37.64,88,1
83,hithadhoo,0,MV,1553320781,99,-0.6,73.08,0,3.02
84,norman wells,90,CA,1553317200,67,65.28,-126.83,90,8.2
85,kegayli,,,,,,,,
86,attawapiskat,,,,,,,,
87,teahupoo,40,PF,1553320394,70,-17.83,-149.27,40,1.5
88,kyra,,,,,,,,
89,barentsburg,,,,,,,,
90,arroyo,90,US,1553320772,68,41.39,-78.88,90,5.1
91,port hawkesbury,90,CA,1553320545,93,45.62,-61.36,90,5.1
92,road town,1,VG,1553320632,78,18.42,-64.62,1,3.1
93,pontes e lacerda,12,BR,1553320783,92,-15.23,-59.33,12,1.42
94,ibate,88,BR,1553320783,96,-21.95,-48,88,1.82
95,puerto ayora,0,EC,1553315465,91,-0.74,-90.35,0,3.82
96,dauriya,36,RU,1553320784,30,49.93,116.85,36,7.72
97,mar del plata,0,AR,1553320784,64,-46.43,-67.52,0,7.92
98,santarem,,,,,,,,
99,hervey bay,12,AU,1553319908,40,-25.3,152.85,12,3.6
100,alexandria,1,US,1553320476,93,31.31,-92.44,1,1.47
101,provideniya,92,RU,1553320785,100,64.42,-173.23,92,4.57
102,kodiak,1,US,1553320721,24,39.95,-94.76,1,5.7
103,waycross,1,US,1553320696,70,31.21,-82.35,1,2.37
104,upernavik,24,GL,1553320785,100,72.79,-56.15,24,1.67
105,arraial do cabo,64,BR,1553320786,96,-22.97,-42.02,64,3.22
106,vila franca do campo,40,PT,1553320734,82,37.72,-25.43,40,4.6
107,hobart,75,AU,1553320575,72,-42.88,147.33,75,5.7
108,vaitape,80,PF,1553320786,96,-16.52,-151.75,80,3.02
109,cairns,40,AU,1553320435,74,-16.92,145.77,40,4.6
110,svetlogorsk,20,RU,1553317200,100,53.14,59.15,20,3
111,farah,68,AF,1553320787,89,32.37,62.11,68,1.82
112,margate,75,AU,1553320754,72,-43.03,147.26,75,5.7
113,port alfred,80,ZA,1553320547,95,-33.59,26.89,80,5.97
114,khatanga,8,RU,1553320787,78,71.98,102.47,8,4.12
115,chiredzi,92,ZW,1553320788,96,-21.05,31.67,92,3.92
116,pacific grove,20,US,1553320778,93,36.62,-121.92,20,1.87
117,nikolskoye,0,RU,1553320787,74,59.7,30.79,0,3
118,illoqqortoormiut,,,,,,,,
119,richards bay,92,ZA,1553320788,100,-28.77,32.06,92,1.47
120,salekhard,80,RU,1553320789,96,66.54,66.62,80,2.12
121,huadian,0,CN,1553320789,64,42.97,126.75,0,4.47
122,barrow,20,AR,1553320789,67,-38.31,-60.23,20,6.02
123,limon,90,US,1553320775,100,39.26,-103.69,90,8.7
124,codrington,36,AU,1553320716,49,-28.95,153.24,36,4.1
125,tyumentsevo,8,RU,1553320790,100,53.32,81.5,8,2.07
126,antofagasta,0,CL,1553317200,82,-23.65,-70.4,0,1
127,hambantota,40,LK,1553317800,63,6.12,81.12,40,5.1
128,esperance,75,TT,1553320507,88,10.24,-61.45,75,2.1
129,saint-leu,0,RE,1553319942,74,-21.15,55.28,0,7.2
130,vao,12,EE,1553320791,81,59.1,26.19,12,5.22
131,fare,64,PF,1553320791,95,-16.7,-151.02,64,3.17
132,beringovskiy,88,RU,1553320791,85,63.05,179.32,88,11.97
133,chuy,44,UY,1553320792,95,-33.69,-53.46,44,1.42
134,castro,90,CL,1553317200,100,-42.48,-73.76,90,2.6
135,broome,88,GB,1553320776,87,52.47,1.45,88,2.6
136,thompson,20,CA,1553317200,69,55.74,-97.86,20,2.57
137,victoria,75,BN,1553319000,66,5.28,115.24,75,3.1
138,el alto,40,BO,1553317200,93,-16.5,-68.19,40,1.22
139,saldanha,0,PT,1553320794,79,41.42,-6.55,0,1.62
140,lompoc,1,US,1553320538,87,34.64,-120.46,1,1.5
141,rabo de peixe,40,PT,1553320734,82,37.8,-25.58,40,4.6
142,tadine,88,NC,1553320794,100,-21.55,167.88,88,6.27
143,faanui,0,PF,1553320793,98,-16.48,-151.75,0,3.42
144,colon,1,US,1553320654,75,41.3,-96.61,1,2.1
145,pevek,0,RU,1553320795,73,69.7,170.27,0,0.52
146,salalah,75,OM,1553316600,65,17.01,54.1,75,5.7
147,bogorodskoye,12,RU,1553320795,45,52.37,140.44,12,2.57
148,chokurdakh,0,RU,1553320795,75,70.62,147.9,0,3.27
149,tuktoyaktuk,40,CA,1553317200,70,69.44,-133.03,40,10.3
150,fairbanks,1,US,1553320505,52,64.84,-147.72,1,4.6
151,porto novo,75,BR,1553317200,100,-23.68,-45.44,75,1.5
152,la sarre,0,CA,1553320555,60,48.8,-79.2,0,5.27
153,chagda,,,,,,,,
154,ibotirama,92,BR,1553320797,100,-12.18,-43.22,92,1.22
155,kaitangata,68,NZ,1553320797,86,-46.28,169.85,68,3.47
156,mahebourg,75,MU,1553320740,79,-20.41,57.7,75,5.7
157,sukpak,0,RU,1553320797,64,51.65,94.27,0,1.22
158,amderma,,,,,,,,
159,georgetown,0,GY,1553317200,88,6.8,-58.16,0,2.1
160,stokmarknes,92,NO,1553319987,80,68.56,14.91,92,11.62
161,camapua,0,BR,1553320632,91,-19.53,-54.04,0,3.07
162,mana,0,RS,1553319000,86,43.52,20.24,0,0.5
163,shingu,40,JP,1553317200,35,33.72,135.99,40,7.7
164,kavaratti,0,IN,1553320799,100,10.57,72.64,0,3.77
165,gorno-chuyskiy,,,,,,,,
166,quatre cocos,75,MU,1553320740,79,-20.21,57.76,75,5.7
167,rongcheng,0,CN,1553320800,46,37.16,122.42,0,8.12
168,alice springs,40,AU,1553317200,16,-23.7,133.88,40,6.2
169,nanortalik,44,GL,1553320800,100,60.14,-45.24,44,11.87
170,sitka,92,US,1553319945,97,37.17,-99.65,92,6.71
171,severo-kurilsk,88,RU,1553320792,93,50.68,156.12,88,6.62
172,tsihombe,,,,,,,,
173,baracoa,64,CU,1553320804,100,20.35,-74.5,64,2.27
174,thinadhoo,20,MV,1553320712,100,0.53,72.93,20,2.77
175,teguise,0,ES,1553319000,87,29.06,-13.56,0,5.1
176,boyle,56,IE,1553320808,99,53.97,-8.3,56,3.02
177,zabol,75,IR,1553317200,39,31.03,61.49,75,9.8
178,tiarei,40,PF,1553320394,70,-17.53,-149.33,40,1.5
179,ostrovnoy,88,RU,1553320810,91,68.05,39.51,88,10.42
180,mafinga,,,,,,,,
181,acapulco,5,MX,1553316120,78,16.86,-99.88,5,2.6
182,kupang,40,ID,1553319000,59,-10.16,123.6,40,5.1
183,qiqihar,0,CN,1553320812,46,47.35,123.91,0,3.92
184,lodwar,0,KE,1553320812,50,3.12,35.6,0,2.22
185,katsuura,40,JP,1553320420,69,33.93,134.5,40,6.7
186,avarua,92,CK,1553319000,88,-21.21,-159.78,92,0.5
187,oranjemund,0,ZA,1553320626,92,-28.55,16.43,0,0.62
188,bambous virieux,75,MU,1553320440,79,-20.34,57.76,75,5.7
189,haibowan,,,,,,,,
190,diamantino,0,BR,1553320813,93,-14.4,-56.44,0,1.17
191,bongandanga,64,CD,1553320814,87,1.51,21.07,64,1.07
192,chom bung,,,,,,,,
193,krasnorechenskiy,80,RU,1553320814,52,44.63,135.35,80,1.22
194,parabel,68,RU,1553320814,86,58.71,81.5,68,1.62
195,liverpool,40,GB,1553320572,75,53.41,-2.98,40,1.5
196,macea,0,RO,1553320625,93,46.39,21.31,0,3.1
197,kurilsk,36,RU,1553320815,100,45.23,147.88,36,8.67
198,geraldton,5,CA,1553317200,72,49.72,-86.95,5,2.6
199,catuday,0,PH,1553320816,76,16.29,119.81,0,1.72
200,kapra,20,IN,1553319925,44,17.48,78.56,20,1.5
201,awjilah,0,LY,1553320816,65,29.14,21.3,0,5.67
202,lavrentiya,88,RU,1553320817,100,65.58,-170.99,88,5.92
203,yenagoa,92,NG,1553320817,93,4.92,6.26,92,2.12
204,bonavista,92,CA,1553320002,86,48.65,-53.11,92,3.58
205,comodoro rivadavia,90,AR,1553317200,87,-45.87,-67.48,90,1
206,champasak,20,LA,1553317200,49,14.89,105.88,20,2.1
207,aklavik,90,CA,1553317200,66,68.22,-135.01,90,5.1
208,mount isa,40,AU,1553317200,45,-20.73,139.49,40,7.7
209,san juan,0,AR,1553320793,69,-31.54,-68.53,0,1.77
210,givors,0,FR,1553320786,70,45.58,4.77,0,0.5
211,general teran,92,MX,1553320729,78,25.27,-99.68,92,7.47
212,coihaique,32,CL,1553317200,93,-45.58,-72.07,32,2.1
213,naze,64,NG,1553320821,93,5.43,7.07,64,3.57
214,huazolotitlan,,,,,,,,
215,llanes,0,ES,1553320810,95,43.42,-4.75,0,0.77
216,rawlins,1,US,1553319300,77,41.79,-107.24,1,4.1
217,narsaq,0,GL,1553316600,73,60.91,-46.05,0,10.8
218,tighina,0,RO,1553319000,75,44.57,24.3,0,2.1
219,ucluelet,92,CA,1553320368,97,48.94,-125.55,92,0.72
220,lawrence,1,US,1553320673,34,38.97,-95.24,1,3.1
221,huarmey,12,PE,1553320823,86,-10.07,-78.15,12,1.42
222,lagoa,0,PT,1553320629,58,37.14,-8.45,0,6.2
223,conway,20,US,1553320504,81,35.09,-92.44,20,1.77
224,carnarvon,36,ZA,1553320824,56,-30.97,22.13,36,1.87
225,jalu,0,LY,1553320824,73,29.03,21.55,0,6.12
226,ponta delgada,40,PT,1553320734,82,37.73,-25.67,40,4.6
227,kavieng,20,PG,1553320825,100,-2.57,150.8,20,3.57
228,qaqortoq,8,GL,1553316600,73,60.72,-46.03,8,10.8
229,verkhoyansk,24,RU,1553320825,65,67.55,133.39,24,1.67
230,cabo san lucas,5,MX,1553320528,45,22.89,-109.91,5,3.1
231,vallenar,0,CL,1553320825,73,-28.58,-70.76,0,0.97
232,mundo nuevo,40,CL,1553317200,93,-32.72,-71.41,40,1.02
233,lexington,1,US,1553320505,69,38.05,-84.5,1,3.1
234,toliary,,,,,,,,
235,umm kaddadah,0,SD,1553320827,16,13.6,26.69,0,5.27
236,hachinohe,80,JP,1553320808,85,40.47,141.48,80,2.24
237,brodokalmak,36,RU,1553317200,69,55.57,62.07,36,2
238,prudentopolis,8,BR,1553320827,94,-25.21,-50.98,8,0.87
239,polunochnoye,0,RU,1553320827,80,60.87,60.43,0,2.32
240,tuatapere,48,NZ,1553320828,73,-46.13,167.69,48,2.42
241,manadhoo,0,MV,1553320705,97,5.77,73.38,0,3.57
242,collecchio,0,IT,1553320819,46,44.75,10.22,0,0.27
243,maniitsoq,12,GL,1553320563,100,65.42,-52.9,12,3.92
244,bulgan,0,MN,1553320828,29,48.81,103.53,0,5.57
245,noumea,75,NC,1553319000,70,-22.28,166.46,75,2.6
246,ancud,90,CL,1553317200,100,-41.87,-73.83,90,2.6
247,itarema,68,BR,1553320829,99,-2.92,-39.92,68,1.32
248,sobinka,0,RU,1553320829,95,55.99,40.02,0,4.77
249,tongchuan,0,CN,1553317200,13,34.9,108.95,0,4
250,williams lake,90,CA,1553317200,40,52.13,-122.14,90,2.6
251,ahuimanu,20,US,1553320794,82,21.44,-157.84,20,2.1
252,kuche,,,,,,,,
253,varhaug,75,NO,1553320803,70,58.61,5.65,75,4.6
254,coahuayana,0,MX,1553320830,55,18.62,-100.35,0,1.07
255,rundu,0,NA,1553320831,34,-17.91,19.77,0,4.37
256,pisco,0,PE,1553317200,83,-13.71,-76.2,0,2.6
257,tumannyy,,,,,,,,
258,jadu,76,LY,1553320831,76,31.95,12.03,76,2.12
259,sorvag,,,,,,,,
260,abaza,0,RU,1553320832,39,52.65,90.1,0,2.52
261,freeport,80,BS,1553320821,100,26.54,-78.7,80,3.22
262,port blair,20,IN,1553317200,52,11.67,92.75,20,4.6
263,inta,80,RU,1553320832,79,66.04,60.13,80,2.87
264,muscatine,1,US,1553320827,80,41.42,-91.04,1,1.37
265,springdale,1,US,1553320623,50,36.19,-94.13,1,3.6
266,wakkanai,75,JP,1553318880,85,45.41,141.67,75,6.7
267,longyearbyen,75,NO,1553318400,85,78.22,15.63,75,3.1
268,skagastrond,,,,,,,,
269,funadhoo,0,MV,1553320834,97,6.15,73.27,0,3.57
270,port-cartier,90,CA,1553319944,88,50.03,-66.88,90,4.6
271,hamilton,20,CA,1553320806,58,43.26,-79.87,20,5.1
272,salinopolis,92,BR,1553320835,97,-0.61,-47.36,92,4.87
273,lebu,0,ET,1553317200,52,8.96,38.73,0,3.1
274,warqla,,,,,,,,
275,babanusah,,,,,,,,
276,tucuma,,,,,,,,
277,tarata,0,PE,1553317200,72,-17.47,-70.03,0,0.87
278,talara,36,PE,1553320836,79,-4.58,-81.27,36,1.57
279,chifeng,0,CN,1553320836,80,42.27,118.96,0,4.32
280,souillac,0,FR,1553320809,86,45.6,-0.6,0,1.22
281,ust-kamchatsk,,,,,,,,
282,umm lajj,0,SA,1553320837,74,25.02,37.27,0,1.97
283,senneterre,90,CA,1553317200,84,48.39,-77.24,90,6.2
284,sentyabrskiy,,,,,,,,
285,amravati,0,IN,1553320837,35,20.93,77.76,0,2.87
286,bengkulu,,,,,,,,
287,alimpesti,0,RO,1553320806,80,45.08,23.8,0,1.52
288,qasigiannguit,8,GL,1553316600,52,68.82,-51.19,8,4.1
289,clyde river,90,CA,1553319540,75,70.47,-68.59,90,7.2
290,ajdabiya,20,LY,1553320838,78,30.75,20.22,20,4.37
291,acajutla,0,SV,1553320522,76,13.59,-89.83,0,0.45
292,eureka,90,US,1553320641,100,40.8,-124.16,90,1.5
293,kushiro,75,JP,1553317200,65,43.11,144.15,75,7.2
294,kula,0,RS,1553319000,74,45.61,19.53,0,1.5
295,lingao,24,CN,1553320840,78,19.91,109.69,24,4.27
296,riyadh,0,SA,1553317200,52,24.63,46.72,0,1.5
297,praia da vitoria,20,PT,1553319968,93,38.73,-27.07,20,10.22
298,boyuibe,24,BO,1553320841,91,-20.43,-63.28,24,2.52
299,umzimvubu,,,,,,,,
300,aransas pass,90,US,1553320838,77,27.91,-97.15,90,5.7
301,magadan,76,RU,1553320841,92,59.56,150.8,76,13.47
302,havre-saint-pierre,90,CA,1553319720,92,50.23,-63.6,90,9.8
303,myaundzha,64,RU,1553320842,68,63.05,147.18,64,1.62
304,las vigas,48,MX,1553320842,94,19.72,-98.26,48,1.07
305,kuryk,0,KZ,1553320843,99,43.18,51.68,0,1.87
306,gardez,92,AF,1553320843,94,33.6,69.22,92,1.22
307,oktyabrskiy,90,RU,1553319947,96,55.61,37.97,90,5
308,sao felix do xingu,92,BR,1553320836,99,-6.64,-51.99,92,0.97
309,tamandare,36,BR,1553320844,96,-8.28,-70.75,36,1.07
310,rio grande,92,BR,1553320569,100,-32.03,-52.1,92,3.37
311,asau,,,,,,,,
312,macamic,20,CA,1553317200,71,48.75,-79,20,3.6
313,mendahara,,,,,,,,
314,vanimo,80,PG,1553320846,99,-2.67,141.3,80,6.12
315,kharabali,92,RU,1553320846,79,47.41,47.25,92,6.52
316,meyungs,,,,,,,,
317,husavik,0,CA,1553320805,82,50.56,-96.99,0,2.24
318,rio gallegos,90,AR,1553317200,93,-51.62,-69.22,90,3.1
319,port elizabeth,20,US,1553320843,47,39.31,-74.98,20,8.7
320,sabha,36,LY,1553320847,49,27.03,14.43,36,1.32
321,cidreira,88,BR,1553320847,100,-30.17,-50.22,88,2.17
322,aksarka,88,RU,1553320847,100,66.56,67.8,88,2.12
323,daru,92,SL,1553320848,88,7.99,-10.85,92,1.62
324,nuuk,56,GL,1553316600,71,64.17,-51.74,56,6.2
325,taburi,,,,,,,,
326,ahipara,100,NZ,1553320848,88,-35.17,173.16,100,0.52
327,lynchburg,1,US,1553320585,48,37.41,-79.14,1,3.1
328,boundiali,68,CI,1553320849,80,9.53,-6.48,68,1.32
329,tenenkou,92,ML,1553320849,27,14.46,-4.91,92,4.42
330,new norfolk,75,AU,1553320575,72,-42.78,147.06,75,5.7
331,zalantun,32,CN,1553320849,27,48,122.72,32,2.67
332,ptuj,0,SI,1553320848,79,46.42,15.87,0,1.5
333,kariba,0,ZW,1553320850,65,-16.53,28.78,0,3.22
334,ust-tsilma,20,RU,1553320850,80,65.44,52.15,20,1.57
335,yar-sale,88,RU,1553320850,100,66.83,70.83,88,3.77
336,andernach,90,DE,1553320817,93,50.44,7.4,90,2.1
337,ust-kuyga,0,RU,1553320851,69,70,135.55,0,1.87
338,poum,20,MK,1553320800,42,41.28,20.71,20,4.1
339,harper,90,US,1553320839,63,30.3,-99.24,90,7.2
340,peniche,0,PT,1553320843,76,39.36,-9.38,0,3.1
341,ninotsminda,40,GE,1553319000,58,41.27,43.59,40,0.37
342,bhigvan,0,IN,1553320852,26,18.32,74.77,0,3.52
343,khomeynishahr,,,,,,,,
344,namatanai,12,PG,1553320852,100,-3.66,152.44,12,0.12
345,taltal,12,CL,1553320853,97,-25.41,-70.49,12,0.47
346,troitsko-pechorsk,68,RU,1553320853,85,62.71,56.19,68,1.52
347,cintalapa,48,MX,1553320853,94,16.7,-93.73,48,1.27
348,nhamunda,24,BR,1553320853,91,-2.19,-56.71,24,1.77
349,kamenka,44,RU,1553320854,96,53.19,44.05,44,5.32
350,auki,0,NG,1553320854,70,12.18,6.51,0,3.52
351,okhotsk,68,RU,1553320854,70,59.36,143.24,68,1.82
352,senador jose porfirio,88,BR,1553320854,90,-2.59,-51.95,88,2.72
353,masallatah,32,LY,1553320855,75,32.62,14,32,2.07
354,gejiu,0,CN,1553320702,51,23.36,103.16,0,1.77
355,san jeronimo,48,PE,1553320855,100,-13.65,-73.37,48,0.42
356,mayumba,92,GA,1553320855,100,-3.44,10.65,92,3.32
357,lahij,0,YE,1553320856,69,13.06,44.88,0,2.32
358,napier,0,NZ,1553320812,73,-39.49,176.92,0,1.79
359,san cristobal,75,EC,1553319948,93,-0.39,-78.55,75,1.5
360,kulhudhuffushi,0,MV,1553320851,100,6.62,73.07,0,3.17
361,shar,32,NG,1553320856,90,7.3,8.73,32,3.77
362,karatuzskoye,8,RU,1553320857,57,53.61,92.87,8,3.77
363,talwara,64,IN,1553320857,24,31.94,75.88,64,2.67
364,minot,1,US,1553320195,91,48.23,-101.3,1,2.6
365,isangel,92,VU,1553320857,100,-19.55,169.27,92,7.27
366,college,75,US,1553320847,55,64.86,-147.8,75,3.6
367,ballina,64,IE,1553320808,99,54.11,-9.15,64,2.87
368,nizhneyansk,,,,,,,,
369,sola,75,NO,1553320698,70,58.89,5.65,75,4.6
370,beboto,0,TD,1553320858,42,8.27,16.94,0,5.67
371,sakakah,,,,,,,,
372,saint-francois,0,FR,1553319924,70,46.42,3.91,0,0.5
373,zumarraga,0,ES,1553320816,92,43.09,-2.32,0,1
374,mys shmidta,,,,,,,,
375,morehead,1,US,1553319969,59,38.18,-83.43,1,2.6
376,chimore,76,BO,1553320859,88,-16.98,-65.13,76,1.27
377,nam tha,,,,,,,,
378,andros town,0,BS,1553320800,77,24.73,-77.79,0,1
379,faya,0,SA,1553317200,48,18.39,42.45,0,4.1
380,mangochi,76,MW,1553320860,96,-14.48,35.26,76,1.77
381,pedernales,92,EC,1553320860,93,0.07,-80.05,92,1.52
382,zeerust,0,ZA,1553317200,68,-25.54,26.07,0,7.7
383,srednekolymsk,12,RU,1553320861,62,67.46,153.71,12,2.12
384,abrau-dyurso,0,RU,1553317200,81,44.7,37.6,0,4
385,palenque,68,MX,1553320861,88,17.51,-91.98,68,1.92
386,matagami,20,NG,1553320862,86,9.67,8.4,20,1.32
387,lazaro cardenas,0,MX,1553320809,15,28.39,-105.62,0,1.79
388,manggar,80,ID,1553320662,99,-2.88,108.27,80,2.67
389,bethel,90,US,1553320560,86,60.79,-161.76,90,3.1
390,ahmadpur east,0,PK,1553320863,76,29.14,71.26,0,4.22
391,garwa,0,IN,1553320863,24,27.63,81.51,0,5.57
392,leh,68,IN,1553320864,88,34.16,77.58,68,0.62
393,galiwinku,,,,,,,,
394,obo,24,CF,1553320864,85,5.39,26.49,24,2.07
395,rawson,56,AR,1553320864,65,-43.3,-65.11,56,2.87
396,mizan teferi,92,ET,1553320864,78,6.99,35.58,92,1.32
397,simao,12,CN,1553320865,35,22.76,100.79,12,1.42
398,tuggurt,,,,,,,,
399,calama,0,CL,1553317200,36,-22.46,-68.93,0,7.2
400,dinsor,,,,,,,,
401,potsdam,0,DE,1553320682,93,52.4,13.06,0,1
402,dunedin,68,NZ,1553320517,80,-45.87,170.5,68,2.68
403,vestmannaeyjar,24,IS,1553320866,98,63.44,-20.27,24,5.72
404,macaboboni,,,,,,,,
405,carutapera,76,BR,1553320794,93,-1.2,-46.02,76,2.37
406,kruisfontein,64,ZA,1553320866,87,-34,24.73,64,3.02
407,atambua,24,ID,1553320866,90,-9.11,124.89,24,4.72
408,akcakoca,0,TR,1553320867,63,41.09,31.12,0,0.87
409,stepnyak,76,KZ,1553320867,97,52.83,70.79,76,1.62
410,eyl,80,SO,1553320867,91,7.98,49.82,80,4.67
411,chongwe,75,ZM,1553317200,77,-15.33,28.68,75,6.2
412,palmer,40,AU,1553320857,60,-34.85,139.16,40,3.1
413,karlstad,76,SE,1553320557,87,59.38,13.5,76,5.1
414,saleaula,,,,,,,,
415,pochutla,40,MX,1553319971,73,15.74,-96.47,40,2.6
416,jabiru,,,,,,,,
417,marigot,68,HT,1553320517,80,18.23,-72.32,68,3.47
418,camana,,,,,,,,
419,ibra,0,OM,1553320869,68,22.69,58.55,0,1.32
420,sao joao da barra,92,BR,1553320869,98,-21.64,-41.05,92,5.72
421,goderich,0,CA,1553320851,72,43.74,-81.71,0,1.79
422,kaniama,92,CD,1553320870,98,-7.57,24.18,92,1.42
423,nizhniy tsasuchey,44,RU,1553320870,33,50.52,115.13,44,7.02
424,saint anthony,75,US,1553320528,92,43.97,-111.68,75,1.5
425,manaure,0,CO,1553320871,95,11.78,-72.45,0,6.97
426,nanchang,68,CN,1553320871,74,28.68,115.89,68,6.12
427,montecristi,40,EC,1553317200,88,-1.05,-80.66,40,1.5
428,biskamzha,0,RU,1553320871,60,53.45,89.53,0,2.57
429,staszow,0,PL,1553320854,99,50.56,21.17,0,1.52
430,kamaishi,75,JP,1553317200,60,39.28,141.86,75,3.6
431,high level,75,CA,1553317200,60,58.52,-117.13,75,2.6
432,mayo,20,CA,1553317200,64,63.59,-135.9,20,1
433,rock sound,0,BS,1553320872,100,24.9,-76.2,0,4.67
434,hurghada,,,,,,,,
435,la spezia,0,IT,1553320866,80,44.11,9.83,0,1
436,ponta do sol,88,BR,1553320873,92,-20.63,-46,88,4.22
437,yerbogachen,76,RU,1553320873,65,61.28,108.01,76,5.02
438,beisfjord,75,NO,1553320823,89,68.38,17.6,75,14.4
439,westport,64,IE,1553320692,77,53.8,-9.52,64,3.13
440,labutta,,,,,,,,
441,muros,0,ES,1553320849,70,42.77,-9.06,0,2.1
442,ulaangom,8,MN,1553320874,80,49.98,92.07,8,1.12
443,touros,40,BR,1553317200,94,-5.2,-35.46,40,2.1
444,petrinja,0,HR,1553320803,86,45.44,16.28,0,1
445,shimanovsk,0,RU,1553320875,33,52,127.67,0,1.97
446,yanan,,,,,,,,
447,bilibino,0,RU,1553320875,73,68.06,166.44,0,1.07
448,terney,56,RU,1553320875,82,45.05,136.61,56,3.32
449,lata,12,IN,1553320876,51,30.78,78.62,12,0.72
450,dong hoi,68,VN,1553320876,98,17.48,106.6,68,4.82
451,petropavlovsk-kamchatskiy,75,RU,1553317200,64,53.05,158.65,75,6
452,grajau,,,,,,,,
453,muli,0,IN,1553320877,16,22.62,71.45,0,2.12
454,banjar,32,ID,1553320877,81,-7.37,108.54,32,1.22
455,tual,0,ID,1553320877,96,-5.67,132.75,0,5.57
456,raudeberg,92,NO,1553320809,75,61.99,5.14,92,15.4
457,khani,90,GE,1553319000,93,41.96,42.96,90,2.6
458,gari,48,RU,1553320878,87,59.43,62.35,48,1.62
459,nanning,90,CN,1553317200,77,22.83,108.3,90,5
460,palabuhanratu,,,,,,,,
461,nouadhibou,75,MR,1553317200,88,20.93,-17.03,75,3.6
462,caravelas,92,BR,1553320879,100,-17.73,-39.27,92,10.87
463,amapa,75,HN,1553320800,78,15.09,-87.97,75,1
464,vardo,40,US,1553320878,59,39.62,-77.74,40,7.2
465,san lawrenz,20,MT,1553320870,87,36.06,14.2,20,5.7
466,vaitupu,,,,,,,,
467,bathsheba,40,BB,1553317200,74,13.22,-59.52,40,8.7
468,bjerkvik,75,NO,1553320823,89,68.55,17.56,75,14.4
469,san quintin,0,PH,1553320880,47,17.54,120.52,0,3.07
470,kericho,0,KE,1553320880,67,-0.37,35.28,0,4.37
471,phon,0,TH,1553320881,28,15.81,102.61,0,2.07
472,krasnyy kut,80,RU,1553320881,81,47.1,40.67,80,5.22
473,florence,1,US,1553320819,82,34.8,-87.68,1,1.5
474,trairi,64,BR,1553320882,100,-3.28,-39.27,64,2.97
475,hobyo,76,SO,1553320882,78,5.35,48.53,76,5.82
476,namibe,20,AO,1553320882,100,-15.19,12.15,20,1.67
477,mehamn,56,NO,1553320882,84,71.03,27.85,56,8.07
478,perbaungan,,,,,,,,
479,milkovo,0,BG,1553320686,93,41.53,24.68,0,2.1
480,peace river,40,CA,1553317200,42,56.23,-117.29,40,6.7
481,zyryanka,0,RU,1553320883,65,65.73,150.89,0,3.52
482,gueret,0,FR,1553320819,68,46.17,1.87,0,1
483,rawannawi,,,,,,,,
484,samfya,88,ZM,1553320884,84,-11.37,29.56,88,5.07
485,solovetskiy,,,,,,,,
486,gewane,0,ET,1553320884,42,10.16,40.66,0,1.87
487,nyurba,80,RU,1553320885,75,63.29,118.35,80,1.62
488,adrar,0,DZ,1553317200,59,27.87,-0.29,0,3.6
489,vetlanda,76,SE,1553320741,100,57.43,15.09,76,5.1
490,pringsewu,48,ID,1553320885,91,-5.36,104.98,48,1.62
491,kindersley,20,CA,1553320455,80,51.47,-109.16,20,10.3
492,tabiauea,,,,,,,,
493,murashi,68,RU,1553320886,81,59.4,48.97,68,1.67
494,salym,76,RU,1553320886,87,60.06,71.48,76,1.87
495,sao filipe,0,CV,1553320886,100,14.9,-24.5,0,6.77
496,pahrump,1,US,1553320801,57,36.21,-115.98,1,2.6
497,goya,0,AR,1553320887,88,-29.14,-59.27,0,1.22
498,suba,68,CN,1553320887,63,28.73,103.51,68,1.22
499,yuzhou,0,CN,1553317200,20,34.16,113.47,0,6
500,sambava,64,MG,1553320888,100,-14.27,50.17,64,5.17
501,jatiroto,8,ID,1553320888,100,-7.61,109.46,8,2.87
502,jijiga,0,ET,1553320888,16,9.35,42.8,0,1.77
503,ciras,,,,,,,,
504,sheregesh,0,RU,1553320888,47,52.93,87.98,0,1.42
505,constantine,75,DZ,1553319000,93,36.36,6.61,75,4.1
506,estelle,75,US,1553320887,45,32.87,-97.01,75,3.1
507,killybegs,88,IE,1553320889,85,54.63,-8.45,88,6.37
508,kanigoro,24,ID,1553320889,95,-8.13,112.22,24,5.72
509,canto do buriti,80,BR,1553320890,95,-8.11,-42.94,80,1.22
510,arman,48,RU,1553320890,72,59.7,150.17,48,5.12
511,pozo colorado,8,PY,1553320890,78,-23.49,-58.8,8,3.32
512,salina cruz,0,MX,1553320890,71,16.18,-95.2,0,4.67
513,sembakung,40,ID,1553317200,74,3.82,117.25,40,1.5
514,neiafu,40,TO,1553317200,69,-18.65,-173.98,40,1.5
515,chimbote,24,PE,1553320891,94,-9.08,-78.59,24,2.27
516,louisbourg,,,,,,,,
517,cumra,0,TR,1553316600,60,37.57,32.77,0,1
518,portland,90,US,1553320657,93,45.52,-122.67,90,1.12
519,dibombari,75,CM,1553317200,100,4.18,9.66,75,1.57
520,molchanovo,80,RU,1553320892,100,57.58,83.76,80,1.92
521,airai,32,TL,1553320892,53,-8.93,125.41,32,1.22
522,tilichiki,0,RU,1553320893,87,60.47,166.1,0,1.32
523,kupino,0,RU,1553320893,100,54.36,77.31,0,1.72
524,zaoyang,68,CN,1553320893,37,32.12,112.76,68,5.92
525,erzin,0,TR,1553320685,47,36.95,36.2,0,1.77
526,olhao,0,PT,1553320629,58,37.03,-7.84,0,6.2
527,parrita,0,CR,1553320856,68,9.52,-84.33,0,8.7
528,gotsu,75,JP,1553317200,81,35.01,132.22,75,4.1
529,ayagoz,8,KZ,1553320745,100,47.96,80.43,8,2.02
530,zhigansk,80,RU,1553320894,68,66.77,123.37,80,3.57
531,smyshlyayevka,88,RU,1553320894,98,53.75,47.73,88,1.52
532,urumqi,,,,,,,,
533,hami,0,CN,1553320895,48,42.84,93.51,0,1.97
534,waingapu,36,ID,1553320895,78,-9.65,120.26,36,6.37
535,turukhansk,80,RU,1553320895,96,65.8,87.96,80,2.12
536,ruatoria,,,,,,,,
537,wattegama,0,LK,1553320896,76,7.35,80.68,0,1.67
538,santa cruz,90,US,1553320672,87,36.97,-122.03,90,0.97
539,dingle,20,PH,1553320897,48,11,122.67,20,5.22
540,ilulissat,8,GL,1553316600,52,69.22,-51.1,8,4.1
541,san patricio,8,PY,1553320880,82,-26.98,-56.83,8,0.97
542,ondjiva,92,AO,1553320898,92,-17.07,15.73,92,1.87
543,aykhal,44,RU,1553320898,64,65.95,111.51,44,5.57
544,krasnokamensk,20,RU,1553320898,23,50.1,118.04,20,6.12
545,shelburne,1,CA,1553320563,62,44.08,-80.2,1,6.7
546,machaneng,0,BW,1553320898,69,-23.19,27.49,0,5.22
547,langarud,40,IR,1553319000,87,37.2,50.15,40,2.1
548,alugan,0,PH,1553320899,78,12.22,125.48,0,5.67
549,necochea,0,AR,1553320877,71,-38.55,-58.74,0,1.79
550,lyndon,20,US,1553320892,57,38.61,-95.68,20,2.6
551,gloversville,90,US,1553320894,92,43.05,-74.34,90,6.7
552,tianpeng,100,CN,1553320900,92,28.88,112.34,100,4.52
553,lolua,,,,,,,,
554,grand river south east,,,,,,,,
555,hualmay,12,PE,1553320900,98,-11.1,-77.61,12,1.87
556,kaohsiung,75,TW,1553320504,100,22.62,120.31,75,3.6
557,ketchikan,1,US,1553316960,81,55.34,-131.65,1,2.1
558,los llanos de aridane,32,ES,1553320808,67,28.66,-17.92,32,7.2
559,churapcha,32,RU,1553320901,50,62,132.43,32,3.27
560,ternate,20,PH,1553320812,43,14.29,120.72,20,3.1
561,karoi,8,ZW,1553320902,65,-16.82,29.68,8,3.97
562,kovdor,88,RU,1553320902,78,67.56,30.47,88,4.57
563,siilinjarvi,0,FI,1553320200,47,63.08,27.67,0,10.3
564,dongsheng,92,CN,1553320902,71,29.72,112.52,92,3.42
565,goundam,92,ML,1553320903,25,16.42,-3.66,92,5.57
566,yamunanagar,0,IN,1553320903,68,30.12,77.29,0,3.12
567,ust-nera,48,RU,1553320889,69,64.57,143.24,48,0.92
568,kirakira,24,SB,1553320903,100,-10.46,161.92,24,2.92
569,hastings,0,NZ,1553320904,93,-39.64,176.84,0,4.07
570,aguimes,40,ES,1553320834,72,27.91,-15.45,40,11.8
571,berlevag,56,NO,1553320904,97,70.86,29.09,56,9.02
572,pailon,75,BO,1553317200,88,-17.66,-62.72,75,3.1
573,russell,0,AR,1553317200,59,-33.01,-68.8,0,1.22
574,red bluff,90,US,1553320710,100,40.18,-122.24,90,2.6
575,guerrero negro,0,MX,1553320905,96,27.97,-114.04,0,5.17
576,pervomayskiy,80,RU,1553320906,97,53.24,40.29,80,7.07
577,paamiut,36,GL,1553320906,100,61.99,-49.67,36,6.17
578,tezu,88,IN,1553320906,98,27.93,96.16,88,0.67
579,san vicente de canete,12,PE,1553320906,93,-13.08,-76.38,12,0.77
580,guilin,90,CN,1553317200,76,25.28,110.29,90,4
581,benjamin aceval,0,PY,1553320800,88,-24.97,-57.57,0,1
582,pemangkat,,,,,,,,
583,te anau,0,NZ,1553320846,52,-45.41,167.72,0,1.22
584,cascais,0,PT,1553320900,76,38.7,-9.42,0,3.1
585,grandview,1,US,1553320906,34,38.89,-94.53,1,3.1
586,buqayq,,,,,,,,
587,kandiari,32,PK,1553320908,55,26.92,68.52,32,2.77
588,temaraia,,,,,,,,
589,prince rupert,90,CA,1553318340,81,54.32,-130.32,90,3.6
590,sobolevo,80,RU,1553320909,74,54.43,31.9,80,8.17
591,rio cuarto,0,AR,1553317200,87,-33.13,-64.35,0,2.6
592,flin flon,0,CA,1553320909,92,54.77,-101.88,0,2.17
593,rexburg,75,US,1553320884,92,43.82,-111.79,75,1.5
594,qandahar,,,,,,,,
595,pervoye maya,76,KG,1553320860,77,40.63,73.68,76,6.71
596,dolbeau,,,,,,,,
597,bam,36,IR,1553320910,40,29.11,58.36,36,1.22
598,praia,75,BR,1553317200,77,-20.25,-43.81,75,2.6
599,trincomalee,0,LK,1553320911,60,8.58,81.23,0,2.22
600,talcahuano,0,CL,1553320800,93,-36.72,-73.12,0,2.1
601,agua verde,5,MX,1553320902,77,22.89,-105.97,5,1.5
602,vastervik,,,,,,,,
603,sulangan,0,PH,1553320911,98,11.14,123.72,0,4.67
604,kainantu,88,PG,1553320912,78,-6.29,145.87,88,0.77
605,ngunguru,8,NZ,1553320912,98,-35.62,174.5,8,2.57
606,taboga,76,NG,1553320912,89,6.37,5.65,76,1.07
607,nevelsk,75,RU,1553317200,45,46.67,141.86,75,6
608,sudzha,88,RU,1553320913,88,51.19,35.27,88,8.17
609,nianzishan,36,CN,1553320913,46,47.51,122.88,36,3.32
610,dali,8,CN,1553320913,56,25.6,100.24,8,1.97
611,taoudenni,36,ML,1553320666,23,22.68,-3.98,36,6.02
612,uyovu,76,TZ,1553320914,99,-3.28,31.53,76,1.07
613,mrirt,,,,,,,,
614,kinablangan,0,PH,1553320914,100,7.69,126.55,0,4.42
615,constitucion,0,MX,1553320914,47,23.99,-104.67,0,3.42
616,ginir,0,ET,1553320914,32,7.14,40.71,0,1.77
617,bayshore gardens,1,US,1553320799,81,27.43,-82.59,1,2.6
618,mastic,90,US,1553320826,60,40.8,-72.84,90,9.3
619,cervo,48,BR,1553320915,95,-22.19,-46.24,48,2.02
620,baykit,76,RU,1553320915,79,61.68,96.39,76,4.47
621,ulladulla,88,AU,1553320888,78,-35.36,150.48,88,3.6
622,yilan,75,TW,1553320894,77,24.75,121.75,75,5.1
623,sept-iles,90,CA,1553319944,83,50.2,-66.38,90,4.6
624,cap malheureux,75,MU,1553320440,79,-19.98,57.61,75,5.7
625,zyryanovsk,0,KZ,1553320785,59,49.74,84.27,0,1.07
626,komsomolskiy,68,RU,1553320916,97,67.55,63.78,68,3.07
627,deputatskiy,0,RU,1553320828,62,69.3,139.9,0,1.62
628,smithers,90,CA,1553318400,69,54.78,-127.17,90,2.6
629,surab,0,PK,1553320917,53,28.49,66.26,0,3.77
630,batagay-alyta,44,RU,1553320917,79,67.8,130.41,44,1.87
631,yuanping,0,CN,1553320917,34,38.72,112.71,0,1.27
632,novyy urengoy,80,RU,1553320876,99,66.08,76.63,80,3.87
